Workbook

Sheet 00_BAT_DAU
A1: NGÀY 13 — Validator bài coding và test case
A2: coding_problem_validator — kiểm statement/constraints/test, reference solution, mutation testing, timeout, output format, không lộ hidden test
A4: A. TỔNG QUAN NGÀY 13
A5: Hạng mục | B5: Nội dung
A6: Người thực hiện | B6: Tran_Quoc_Nguyen
A7: Ngày | B7: 19/09/2026
A8: Kế hoạch tham chiếu | B8: 03_Ke_hoach_30_ngay_Thuc_tap_sinh_QA_AI_Evaluation.docx — Tuần 3, Ngày 13
A9: Vị trí repo | B9: cybersoft-learning-hub/Test/Day13_Coding_Problem_Validator_Tran_Quoc_Nguyen/
A10: Dữ liệu thật đã kiểm | B10: 30 bài Code Playground trong BE: initial-exercises.ts (10) + initial-exercises-day14.ts (20). Ngôn ngữ Python 3.
A11: Bài làm mutation | B11: Kiểm tra số nguyên tố (bài chính, 16 mutant) và Sắp xếp tăng dần (đối chiếu, 12 mutant)
A12: Deliverable | B12: tools/coding-problem-validator/ (CLI + 19 rule + judge mini + mutation + leak-guard), Mutation set, Coverage report, file Excel này
A14: B. QUY TRÌNH (thứ tự thực tế)
A15: Bước 1 | B15: Chọn bài coding thật -> đọc statement + constraints
A16: Bước 2 | B16: Chạy reference solution -> phải AC (nếu không: STOP)
A17: Bước 3 | B17: Chạy validator 19 rule
A18: Bước 4 | B18: Tạo mutant (10-15 mutant / bài)
A19: Bước 5 | B19: Chạy từng mutant qua sample + hidden -> KILLED / SURVIVED
A20: Bước 6 | B20: Tính Mutation Score, so với ngưỡng 80%
A21: Bước 7 | B21: Kiểm timeout và output format
A22: Bước 8 | B22: Chốt coverage report + findings + AI worklog; bảo đảm không lộ hidden test
A24: C. NGHIỆM THU NGÀY 13 (các ô kết quả là công thức lấy từ các sheet khác)
A25: Điều kiện | B25: Kết quả đo được | C25: Ngưỡng | D25: Trạng thái | E25: Nguồn | F25: Ghi chú
A26: Reference solution luôn AC | B26: ='02_Reference_Run'!D36&"/"&'02_Reference_Run'!D35 -> 30/30 | C26: 100% | D26: =IF('02_Reference_Run'!D37=1,"ĐẠT","CHƯA ĐẠT") -> ĐẠT | E26: Sheet 02 | F26: 30 bài thật
A27: Mutation score - Số nguyên tố, test GỐC | B27: ='05_Coverage_Report'!I7 -> 0.66666667 | C27: ='05_Coverage_Report'!C4 -> 0.8 | D27: =IF('05_Coverage_Report'!I7>='05_Coverage_Report'!C4,"ĐẠT","CHƯA ĐẠT") -> CHƯA ĐẠT | E27: Sheet 05 | F27: Bộ test đang có trong BE
A28: Mutation score - Số nguyên tố, test HARDENED | B28: ='05_Coverage_Report'!I8 -> 1 | C28: ='05_Coverage_Report'!C4 -> 0.8 | D28: =IF('05_Coverage_Report'!I8>='05_Coverage_Report'!C4,"ĐẠT","CHƯA ĐẠT") -> ĐẠT | E28: Sheet 05 | F28: +6 hidden test đề xuất, chưa áp vào BE
A29: Mutation score - Sắp xếp, test GỐC | B29: ='05_Coverage_Report'!I9 -> 0.90909091 | C29: ='05_Coverage_Report'!C4 -> 0.8 | D29: =IF('05_Coverage_Report'!I9>='05_Coverage_Report'!C4,"ĐẠT","CHƯA ĐẠT") -> ĐẠT | E29: Sheet 05
A30: Mutation score - Sắp xếp, test HARDENED | B30: ='05_Coverage_Report'!I10 -> 1 | C30: ='05_Coverage_Report'!C4 -> 0.8 | D30: =IF('05_Coverage_Report'!I10>='05_Coverage_Report'!C4,"ĐẠT","CHƯA ĐẠT") -> ĐẠT | E30: Sheet 05
A31: Không lộ hidden test trong report | B31: Grep độc lập: 0 kết quả; 45 test pass | C31: Không lộ | D31: ĐẠT (trong tool) | E31: AI_WORKLOG.md | F31: BE có rủi ro qua stderr/hints - xem F-D13-04, F-D13-08 (cần tái hiện)
A32: Timeout được bắt | B32: ='05_Coverage_Report'!M8+'05_Coverage_Report'!M10&" mutant bị bắt bằng TIMEOUT" -> 2 mutant bị bắt bằng TIMEOUT | C32: >= 1 / bài | D32: ĐẠT | E32: Sheet 04 | F32: Chỉ khi có test đủ lớn
A34: D. GHI CHÚ QUAN TRỌNG
A35: • | B35: Bộ test GỐC của bài số nguyên tố KHÔNG đạt 80% - đó là phát hiện (F-D13-01), không phải lỗi tool. Không đổi mutant để "cho đạt".
A36: • | B36: Bộ hardened chưa được mentor duyệt và chưa áp vào seed data của BE.
A37: • | B37: F-D13-04 và F-D13-08 mới ở mức đọc code + mô phỏng/đếm; cần tái hiện trên UI/API thật trước khi báo là lỗi.
A38: • | B38: Cột nền vàng trong các sheet là ô để người thực tập tự điền; ô nhập hằng số (ngưỡng 80%) chữ xanh, nền vàng ở sheet 05.
A40: E. RULE CATALOG NGÀY 13
A41: Nội dung | B41: Sheet tham chiếu
A42: CP001–CP010 | B42: 01_Rule_Catalog — rule theo kế hoạch
A43: CP011–CP019 | B43: 01_Rule_Catalog — rule bổ sung sau khi đọc dữ liệu thật/code judge

Sheet 01_Problem_Checklist
A1: 01_Problem_Checklist - Kiểm statement / constraints / sample / hidden / timeout / output của 30 bài thật
A2: Nguồn: reports/validate-baseline/validator-report.json (19 rule CP001-CP019). OK = không có finding; WARN/ERROR theo mức của rule. Cột vàng: người thực tập tự xác nhận.
A3: STT | B3: Problem ID | C3: Độ khó | D3: Số test | E3: Số hidden | F3: Statement (CP001) | G3: Constraints (CP002) | H3: Sample (CP003/004) | I3: Reference (CP005/006/015) | J3: Timeout (CP007) | K3: Output format (CP008/018/019) | L3: Hidden (CP009/012/013/016) | M3: Nhất quán test-đề (CP010/011) | N3: Mã finding | O3: Người xác nhận (điền) | P3: Ghi chú (điền)
A4: 1 | B4: tinh-tong-hai-so-nguyen | C4: EASY | D4: 4 | E4: 2 | F4: OK | G4: WARN | H4: OK | I4: OK | J4: OK | K4: OK | L4: OK | M4: OK | N4: CP002
A5: 2 | B5: kiem-tra-so-chan-le | C5: EASY | D5: 4 | E5: 2 | F5: OK | G5: WARN | H5: OK | I5: OK | J5: OK | K5: OK | L5: OK | M5: OK | N5: CP002
A6: 3 | B6: tim-so-lon-nhat | C6: MEDIUM | D6: 3 | E6: 1 | F6: OK | G6: WARN | H6: OK | I6: OK | J6: OK | K6: OK | L6: WARN | M6: OK | N6: CP002, CP013
A7: 4 | B7: dao-nguoc-chuoi | C7: EASY | D7: 3 | E7: 1 | F7: OK | G7: WARN | H7: OK | I7: OK | J7: OK | K7: OK | L7: WARN | M7: OK | N7: CP002, CP013
A8: 5 | B8: kiem-tra-so-nguyen-to | C8: MEDIUM | D8: 4 | E8: 2 | F8: OK | G8: WARN | H8: OK | I8: OK | J8: OK | K8: OK | L8: OK | M8: OK | N8: CP002
A9: 6 | B9: fibonacci | C9: EASY | D9: 4 | E9: 2 | F9: OK | G9: WARN | H9: OK | I9: OK | J9: OK | K9: OK | L9: OK | M9: OK | N9: CP002
A10: 7 | B10: uoc-chung-lon-nhat | C10: EASY | D10: 4 | E10: 2 | F10: OK | G10: WARN | H10: OK | I10: OK | J10: OK | K10: OK | L10: OK | M10: OK | N10: CP002
A11: 8 | B11: kiem-tra-palindrome | C11: MEDIUM | D11: 4 | E11: 2 | F11: OK | G11: WARN | H11: OK | I11: OK | J11: OK | K11: OK | L11: OK | M11: OK | N11: CP002
A12: 9 | B12: sap-xep-tang-dan | C12: MEDIUM | D12: 4 | E12: 2 | F12: OK | G12: WARN | H12: OK | I12: OK | J12: OK | K12: OK | L12: OK | M12: OK | N12: CP002
A13: 10 | B13: tong-duong-cheo-ma-tran | C13: HARD | D13: 4 | E13: 2 | F13: OK | G13: WARN | H13: OK | I13: OK | J13: OK | K13: OK | L13: OK | M13: OK | N13: CP002
A14: 11 | B14: day14-chao-hoi-theo-ten | C14: EASY | D14: 4 | E14: 2 | F14: OK | G14: WARN | H14: OK | I14: OK | J14: OK | K14: OK | L14: OK | M14: OK | N14: CP002
A15: 12 | B15: day14-tinh-tien-co-thue | C15: EASY | D15: 5 | E15: 3 | F15: OK | G15: WARN | H15: OK | I15: OK | J15: OK | K15: OK | L15: OK | M15: OK | N15: CP002
... A33: 30 | B33: day14-mo-phong-tran-dau | C33: HARD | D33: 5 | E33: 3 | F33: OK | G33: WARN | H33: OK | I33: OK | J33: OK | K33: OK | L33: OK | M33: OK | N33: CP002
B35: Tổng số bài | F35: =COUNTA(B4:B33) -> 30
B36: Số bài WARN/ERROR - Statement | F36: =COUNTIF(F4:F33,"WARN")+COUNTIF(F4:F33,"ERROR") -> 0
B37: Số bài WARN/ERROR - Constraints | F37: =COUNTIF(G4:G33,"WARN")+COUNTIF(G4:G33,"ERROR") -> 24
B38: Số bài WARN/ERROR - Sample | F38: =COUNTIF(H4:H33,"WARN")+COUNTIF(H4:H33,"ERROR") -> 0
B39: Số bài WARN/ERROR - Reference | F39: =COUNTIF(I4:I33,"WARN")+COUNTIF(I4:I33,"ERROR") -> 0
B40: Số bài WARN/ERROR - Timeout | F40: =COUNTIF(J4:J33,"WARN")+COUNTIF(J4:J33,"ERROR") -> 0
B41: Số bài WARN/ERROR - Output format | F41: =COUNTIF(K4:K33,"WARN")+COUNTIF(K4:K33,"ERROR") -> 0
B42: Số bài WARN/ERROR - Hidden | F42: =COUNTIF(L4:L33,"WARN")+COUNTIF(L4:L33,"ERROR") -> 3
B43: Số bài WARN/ERROR - Nhất quán | F43: =COUNTIF(M4:M33,"WARN")+COUNTIF(M4:M33,"ERROR") -> 0
B45: Số liệu rà tay: lần chạy đầu có 14 ERROR nhưng cả 14 đều là báo oan (xem sheet 06 và AI_WORKLOG.md); sau khi sửa rule còn 0 ERROR, 27 WARNING (24 x CP002 + 3 x CP013).

Sheet 02_Reference_Run
A1: 02_Reference_Run - Chạy reference solution (solutionCode) trên toàn bộ test của 30 bài thật
A2: Nguồn: reports/validate-baseline/validator-report.json (referenceRuns). Chỉ số lượng test pass; không có dữ liệu hidden test.
A3: STT | B3: Problem ID | C3: File nguồn | D3: Kết quả (judge mini) | E3: Test pass | F3: Tổng test | G3: Hidden pass | H3: Hidden tổng | I3: Thời gian chạy lâu nhất (ms)
A4: 1 | B4: tinh-tong-hai-so-nguyen | C4: base-exercises.json | D4: AC | E4: 4 | F4: 4 | G4: 2 | H4: 2 | I4: 12
A5: 2 | B5: kiem-tra-so-chan-le | C5: base-exercises.json | D5: AC | E5: 4 | F5: 4 | G5: 2 | H5: 2 | I5: 11
A6: 3 | B6: tim-so-lon-nhat | C6: base-exercises.json | D6: AC | E6: 3 | F6: 3 | G6: 1 | H6: 1 | I6: 11
A7: 4 | B7: dao-nguoc-chuoi | C7: base-exercises.json | D7: AC | E7: 3 | F7: 3 | G7: 1 | H7: 1 | I7: 11
A8: 5 | B8: kiem-tra-so-nguyen-to | C8: base-exercises.json | D8: AC | E8: 4 | F8: 4 | G8: 2 | H8: 2 | I8: 11
A9: 6 | B9: fibonacci | C9: base-exercises.json | D9: AC | E9: 4 | F9: 4 | G9: 2 | H9: 2 | I9: 11
A10: 7 | B10: uoc-chung-lon-nhat | C10: base-exercises.json | D10: AC | E10: 4 | F10: 4 | G10: 2 | H10: 2 | I10: 11
A11: 8 | B11: kiem-tra-palindrome | C11: base-exercises.json | D11: AC | E11: 4 | F11: 4 | G11: 2 | H11: 2 | I11: 11
A12: 9 | B12: sap-xep-tang-dan | C12: base-exercises.json | D12: AC | E12: 4 | F12: 4 | G12: 2 | H12: 2 | I12: 11
A13: 10 | B13: tong-duong-cheo-ma-tran | C13: base-exercises.json | D13: AC | E13: 4 | F13: 4 | G13: 2 | H13: 2 | I13: 11
A14: 11 | B14: day14-chao-hoi-theo-ten | C14: day14-exercises.json | D14: AC | E14: 4 | F14: 4 | G14: 2 | H14: 2 | I14: 12
A15: 12 | B15: day14-tinh-tien-co-thue | C15: day14-exercises.json | D15: AC | E15: 5 | F15: 5 | G15: 3 | H15: 3 | I15: 11
... A33: 30 | B33: day14-mo-phong-tran-dau | C33: day14-exercises.json | D33: AC | E33: 5 | F33: 5 | G33: 3 | H33: 3 | I33: 11
B35: Tổng số bài đã chạy | D35: =COUNTA(D4:D33) -> 30
B36: Số bài đạt AC | D36: =COUNTIF(D4:D33,"AC") -> 30
B37: Tỉ lệ AC | D37: =IF(D35=0,0,D36/D35) -> 1
B38: Thời gian chạy lâu nhất (ms) | D38: =MAX(I4:I33) -> 12
B39: Kết luận baseline | D39: =IF(D36=D35,"Reference = AC, được phép làm mutation","STOP - reference chưa AC") -> Reference = AC, được phép làm mutation

Sheet 03_Mutation_Set
A1: 03_Mutation_Set - 28 mutant (16 cho bài số nguyên tố, 12 cho bài sắp xếp tăng dần)
A2: Mutant = reference bị sửa cố ý thành sai. "Kỳ vọng" = kết quả mà một bộ test ĐỦ MẠNH phải cho. Mã mỗi mutant: tools/coding-problem-validator/solutions/mutants/<bài>/<ID>.py
A3: ID | B3: Bài | C3: Loại lỗi | D3: Mô tả lỗi | E3: Kỳ vọng | F3: Cách tạo | G3: Lý do EQUIVALENT (nếu có)
A4: MUT-01 | B4: kiem-tra-so-nguyen-to | C4: Boundary error | D4: Đổi biên `x < 2` thành `x < 1` (số 1 bị coi là nguyên tố) | E4: KILLED | F4: `if x < 2:` -> `if x < 1:`
A5: MUT-02 | B5: kiem-tra-so-nguyen-to | C5: Off-by-one | D5: Cận vòng lặp `int(x ** 0.5) + 1` bỏ mất `+ 1` (không thử ước bằng đúng căn n) | E5: KILLED | F5: `int(x ** 0.5) + 1` -> `int(x ** 0.5)`
A6: MUT-03 | B6: kiem-tra-so-nguyen-to | C6: Missing edge case | D6: Bỏ hẳn nhánh `if x < 2: return False` (không xử lý n < 2) | E6: KILLED | F6: `if x < 2: ⏎ return False` -> ``
A7: MUT-04 | B7: kiem-tra-so-nguyen-to | C7: Wrong condition | D7: Điều kiện chia hết `x % i == 0` thành `x % i == 1` | E7: KILLED | F7: `if x % i == 0:` -> `if x % i == 1:`
A8: MUT-05 | B8: kiem-tra-so-nguyen-to | C8: Wrong operator | D8: Toán tử `%` thành `//` trong phép kiểm tra chia hết | E8: KILLED | F8: `if x % i == 0:` -> `if x // i == 0:`
A9: MUT-06 | B9: kiem-tra-so-nguyen-to | C9: Hard-code sample | D9: Chỉ đúng với input của sample (7 -> YES, còn lại NO) | E9: KILLED | F9: Thay toàn bộ mã
A10: MUT-07 | B10: kiem-tra-so-nguyen-to | C10: Input parsing | D10: Chỉ đọc chữ số đầu tiên của input (`int(input().strip()[0])`) | E10: KILLED | F10: `n = int(input())` -> `n = int(input().strip()[0])`
A11: MUT-08 | B11: kiem-tra-so-nguyen-to | C11: Wrong rounding | D11: Cận vòng lặp dùng làm tròn `int(x ** 0.5 + 0.5)` thay vì `int(x ** 0.5) + 1` | E11: KILLED | F11: `int(x ** 0.5) + 1` -> `int(x ** 0.5 + 0.5)`
A12: MUT-09 | B12: kiem-tra-so-nguyen-to | C12: Wrong output format | D12: In `Yes`/`No` thay vì `YES`/`NO` (sai chữ hoa/thường) | E12: KILLED | F12: `print("YES" if is_prime(n) else "NO")` -> `print("Yes" if is_prime(n) else "No")`
A13: MUT-10 | B13: kiem-tra-so-nguyen-to | C13: Slow algorithm | D13: Vòng lặp thử chia tới `x - 1` (O(n)) thay vì tới căn n (O(sqrt n)) | E13: TIMEOUT | F13: `range(2, int(x ** 0.5) + 1)` -> `range(2, x)`
A14: MUT-11 | B14: kiem-tra-so-nguyen-to | C14: Wrong output format | D14: In thêm dòng debug `input = <n>` trước kết quả | E14: KILLED | F14: `print("YES"` -> `print("input =", n) ⏎ print("YES"`
A15: MUT-12 | B15: kiem-tra-so-nguyen-to | C15: Wrong output format | D15: In thêm nhãn: `Result: YES` | E15: KILLED | F15: `print("YES" if is_prime(n) else "NO")` -> `print("Result:", "YES" if is_prime(n) else "NO")`
A16: MUT-13 | B16: kiem-tra-so-nguyen-to | C16: Wrong output format | D16: Thừa khoảng trắng và dòng trống Ở CUỐI output | E16: EQUIVALENT | F16: `print("YES" if is_prime(n) else "NO")` -> `print("YES" if is_prime(n) else "NO", end=" \n\n")` | G16: Judge trim stdout trước khi so sánh (judge-queue.service.ts dòng 123: .replace(/\r\n/g,'\n').trim()) - khoảng trắng/xuống dòng thừa Ở CUỐI được bỏ qua theo thiết kế.
A17: MUT-14 | B17: kiem-tra-so-nguyen-to | C17: Off-by-one | D17: Vòng lặp bắt đầu từ 3 thay vì 2 (bỏ qua phép thử chia cho 2) | E17: KILLED | F17: `range(2, int(x ** 0.5) + 1)` -> `range(3, int(x ** 0.5) + 1)`
A18: MUT-15 | B18: kiem-tra-so-nguyen-to | C18: Over-simplified heuristic | D18: Coi mọi số lẻ > 1 là nguyên tố | E18: KILLED | F18: Thay toàn bộ mã
A19: MUT-16 | B19: kiem-tra-so-nguyen-to | C19: Boundary error | D19: Đổi `x < 2` thành `x <= 2` (n = 2 bị coi là không nguyên tố) | E19: KILLED | F19: `if x < 2:` -> `if x <= 2:`
A20: SRT-01 | B20: sap-xep-tang-dan | C20: Wrong condition | D20: Sắp xếp giảm dần (`reverse=True`) | E20: KILLED | F20: `nums.sort()` -> `nums.sort(reverse=True)`
A21: SRT-02 | B21: sap-xep-tang-dan | C21: Missing logic | D21: Bỏ lệnh sắp xếp, in nguyên danh sách | E21: KILLED | F21: `nums.sort()` -> ``
A22: SRT-03 | B22: sap-xep-tang-dan | C22: Duplicate handling error | D22: Dùng `sorted(set(nums))` - làm mất phần tử trùng | E22: KILLED | F22: `nums.sort()` -> `nums = sorted(set(nums))`
A23: SRT-04 | B23: sap-xep-tang-dan | C23: Off-by-one | D23: Bỏ mất phần tử cuối khi in (`nums[:-1]`) | E23: KILLED | F23: `print(' '.join(map(str, nums)))` -> `print(' '.join(map(str, nums[:-1])))`
A24: SRT-05 | B24: sap-xep-tang-dan | C24: Wrong comparison | D24: Sắp theo thứ tự chuỗi (`key=str`) thay vì theo giá trị số | E24: KILLED | F24: `nums.sort()` -> `nums.sort(key=str)`
A25: SRT-06 | B25: sap-xep-tang-dan | C25: Wrong comparison | D25: Sắp theo giá trị tuyệt đối (`key=abs`) | E25: KILLED | F25: `nums.sort()` -> `nums.sort(key=abs)`
A26: SRT-07 | B26: sap-xep-tang-dan | C26: Hard-code sample | D26: Chỉ in đúng kết quả cho 2 sample (n=5 và n=3), còn lại in nguyên input | E26: KILLED | F26: Thay toàn bộ mã
A27: SRT-08 | B27: sap-xep-tang-dan | C27: Wrong output format | D27: Nối bằng dấu phẩy thay vì dấu cách | E27: KILLED | F27: `' '.join` -> `','.join`
A28: SRT-09 | B28: sap-xep-tang-dan | C28: Wrong output format | D28: Mỗi số một dòng (`sep='\n'`) | E28: KILLED | F28: `print(' '.join(map(str, nums)))` -> `print(*nums, sep='\n')`
... A30: SRT-11 | B30: sap-xep-tang-dan | C30: Off-by-one | D30: Chỉ sắp xếp nửa đầu của danh sách | E30: KILLED | F30: `nums.sort()` -> `nums[:n // 2] = sorted(nums[:n // 2])`
A31: SRT-12 | B31: sap-xep-tang-dan | C31: Wrong output format | D31: Thừa khoảng trắng và dòng trống Ở CUỐI output | E31: EQUIVALENT | F31: `print(' '.join(map(str, nums)))` -> `print(' '.join(map(str, nums)), end=' \n\n')` | G31: Judge trim stdout trước khi so sánh (judge-queue.service.ts dòng 123) - khoảng trắng/xuống dòng thừa Ở CUỐI được bỏ qua theo thiết kế.
C33: Tổng số mutant | D33: =COUNTA(A4:A31) -> 28
C34: Kỳ vọng TIMEOUT | D34: =COUNTIF(E4:E31,"TIMEOUT") -> 2
C35: Kỳ vọng EQUIVALENT | D35: =COUNTIF(E4:E31,"EQUIVALENT") -> 2

Sheet 04_Mutation_Execution
A1: 04_Mutation_Execution - Kết quả chạy từng mutant qua sample + hidden test
A2: Nguồn: reports/mutation-*/mutation-report.json. Hidden chỉ ghi số lượng và số thứ tự (Hidden test #k) - không có input/expected.
A3: Bộ test | B3: Bài | C3: Mutant | D3: Loại | E3: Sample | F3: Hidden pass | G3: Hidden test FAIL | H3: Kết quả | I3: Bị bắt bởi | J3: Đúng kỳ vọng "bộ test mạnh"? | K3: Kiểm tra của người thực tập
A4: baseline | B4: kiem-tra-so-nguyen-to | C4: MUT-01 | D4: Boundary error | E4: PASS | F4: 1/2 | G4: #01 | H4: KILLED | I4: HIDDEN | J4: có
A5: baseline | B5: kiem-tra-so-nguyen-to | C5: MUT-02 | D5: Off-by-one | E5: PASS | F5: 2/2 | G5: - | H5: SURVIVED | I5: - | J5: KHÔNG (lỗ hổng độ phủ)
A6: baseline | B6: kiem-tra-so-nguyen-to | C6: MUT-03 | D6: Missing edge case | E6: PASS | F6: 1/2 | G6: #01 | H6: KILLED | I6: HIDDEN | J6: có
A7: baseline | B7: kiem-tra-so-nguyen-to | C7: MUT-04 | D7: Wrong condition | E7: FAIL | F7: 1/2 | G7: #02 | H7: KILLED | I7: SAMPLE | J7: có
A8: baseline | B8: kiem-tra-so-nguyen-to | C8: MUT-05 | D8: Wrong operator | E8: FAIL | F8: 2/2 | G8: - | H8: KILLED | I8: SAMPLE | J8: có
A9: baseline | B9: kiem-tra-so-nguyen-to | C9: MUT-06 | D9: Hard-code sample | E9: PASS | F9: 1/2 | G9: #02 | H9: KILLED | I9: HIDDEN | J9: có
A10: baseline | B10: kiem-tra-so-nguyen-to | C10: MUT-07 | D10: Input parsing | E10: PASS | F10: 1/2 | G10: #02 | H10: KILLED | I10: HIDDEN | J10: có
A11: baseline | B11: kiem-tra-so-nguyen-to | C11: MUT-08 | D11: Wrong rounding | E11: PASS | F11: 2/2 | G11: - | H11: SURVIVED | I11: - | J11: KHÔNG (lỗ hổng độ phủ)
A12: baseline | B12: kiem-tra-so-nguyen-to | C12: MUT-09 | D12: Wrong output format | E12: FAIL | F12: 0/2 | G12: #01 #02 | H12: KILLED | I12: SAMPLE | J12: có
A13: baseline | B13: kiem-tra-so-nguyen-to | C13: MUT-10 | D13: Slow algorithm | E13: PASS | F13: 2/2 | G13: - | H13: SURVIVED | I13: - | J13: KHÔNG (lỗ hổng độ phủ)
A14: baseline | B14: kiem-tra-so-nguyen-to | C14: MUT-11 | D14: Wrong output format | E14: FAIL | F14: 0/2 | G14: #01 #02 | H14: KILLED | I14: SAMPLE | J14: có
A15: baseline | B15: kiem-tra-so-nguyen-to | C15: MUT-12 | D15: Wrong output format | E15: FAIL | F15: 0/2 | G15: #01 #02 | H15: KILLED | I15: SAMPLE | J15: có
... A59: hardened | B59: sap-xep-tang-dan | C59: SRT-12 | D59: Wrong output format | E59: PASS | F59: 8/8 | G59: - | H59: EQUIVALENT | I59: - | J59: có
A61: Cột K (nền vàng) dành cho người thực tập tự điền sau khi mở solutions/mutants/<bài>/<mutant>.py và tự nhẩm lại. Ví dụ: "Đã đọc MUT-02.py, input 4 cho YES sai - đồng ý SURVIVED".

Sheet 05_Coverage_Report
A1: 05_Coverage_Report - Mutation Score = KILLED / VALID (VALID = KILLED + SURVIVED)
A2: Mọi con số dưới đây là công thức COUNTIFS trên sheet 04_Mutation_Execution - sửa dữ liệu ở sheet 04 thì bảng này tự tính lại.
A4: Ngưỡng nghiệm thu (Ngày 13) | C4: 0.8 | D4: <- ô nhập (số do kế hoạch Ngày 13 quy định: ≥ 80% mutant chủ đích bị bắt)
A6: Bộ test | B6: Bài | C6: Tổng mutant | D6: KILLED | E6: SURVIVED | F6: EQUIVALENT | G6: INVALID | H6: VALID (K+S) | I6: Mutation Score | J6: Kết quả | K6: Bị bắt bởi SAMPLE | L6: Bị bắt bởi HIDDEN | M6: Bị bắt bởi TIMEOUT
A7: baseline | B7: kiem-tra-so-nguyen-to | C7: =COUNTIFS('04_Mutation_Execution'!$A$4:$A$59,$A7,'04_Mutation_Execution'!$B$4:$B$59,$B7) -> 16 | D7: =COUNTIFS('04_Mutation_Execution'!$A$4:$A$59,$A7,'04_Mutation_Execution'!$B$4:$B$59,$B7,'04_Mutation_Execution'!$H$4:$H$59,"KILLED") -> 10 | E7: =COUNTIFS('04_Mutation_Execution'!$A$4:$A$59,$A7,'04_Mutation_Execution'!$B$4:$B$59,$B7,'04_Mutation_Execution'!$H$4:$H$59,"SURVIVED") -> 5 | F7: =COUNTIFS('04_Mutation_Execution'!$A$4:$A$59,$A7,'04_Mutation_Execution'!$B$4:$B$59,$B7,'04_Mutation_Execution'!$H$4:$H$59,"EQUIVALENT") -> 1 | G7: =COUNTIFS('04_Mutation_Execution'!$A$4:$A$59,$A7,'04_Mutation_Execution'!$B$4:$B$59,$B7,'04_Mutation_Execution'!$H$4:$H$59,"INVALID") -> 0 | H7: =D7+E7 -> 15 | I7: =IF(H7=0,0,D7/H7) -> 0.66666667 | J7: =IF(I7>=$C$4,"PASS","FAIL") -> FAIL | K7: =COUNTIFS('04_Mutation_Execution'!$A$4:$A$59,$A7,'04_Mutation_Execution'!$B$4:$B$59,$B7,'04_Mutation_Execution'!$H$4:$H$59,"KILLED",'04_Mutation_Execution'!$I$4:$I$59,"SAMPLE") -> 6 | L7: =COUNTIFS('04_Mutation_Execution'!$A$4:$A$59,$A7,'04_Mutation_Execution'!$B$4:$B$59,$B7,'04_Mutation_Execution'!$H$4:$H$59,"KILLED",'04_Mutation_Execution'!$I$4:$I$59,"HIDDEN") -> 4 | M7: =COUNTIFS('04_Mutation_Execution'!$A$4:$A$59,$A7,'04_Mutation_Execution'!$B$4:$B$59,$B7,'04_Mutation_Execution'!$H$4:$H$59,"KILLED",'04_Mutation_Execution'!$I$4:$I$59,"TIMEOUT") -> 0
A8: hardened | B8: kiem-tra-so-nguyen-to | C8: =COUNTIFS('04_Mutation_Execution'!$A$4:$A$59,$A8,'04_Mutation_Execution'!$B$4:$B$59,$B8) -> 16 | D8: =COUNTIFS('04_Mutation_Execution'!$A$4:$A$59,$A8,'04_Mutation_Execution'!$B$4:$B$59,$B8,'04_Mutation_Execution'!$H$4:$H$59,"KILLED") -> 15 | E8: =COUNTIFS('04_Mutation_Execution'!$A$4:$A$59,$A8,'04_Mutation_Execution'!$B$4:$B$59,$B8,'04_Mutation_Execution'!$H$4:$H$59,"SURVIVED") -> 0 | F8: =COUNTIFS('04_Mutation_Execution'!$A$4:$A$59,$A8,'04_Mutation_Execution'!$B$4:$B$59,$B8,'04_Mutation_Execution'!$H$4:$H$59,"EQUIVALENT") -> 1 | G8: =COUNTIFS('04_Mutation_Execution'!$A$4:$A$59,$A8,'04_Mutation_Execution'!$B$4:$B$59,$B8,'04_Mutation_Execution'!$H$4:$H$59,"INVALID") -> 0 | H8: =D8+E8 -> 15 | I8: =IF(H8=0,0,D8/H8) -> 1 | J8: =IF(I8>=$C$4,"PASS","FAIL") -> PASS | K8: =COUNTIFS('04_Mutation_Execution'!$A$4:$A$59,$A8,'04_Mutation_Execution'!$B$4:$B$59,$B8,'04_Mutation_Execution'!$H$4:$H$59,"KILLED",'04_Mutation_Execution'!$I$4:$I$59,"SAMPLE") -> 6 | L8: =COUNTIFS('04_Mutation_Execution'!$A$4:$A$59,$A8,'04_Mutation_Execution'!$B$4:$B$59,$B8,'04_Mutation_Execution'!$H$4:$H$59,"KILLED",'04_Mutation_Execution'!$I$4:$I$59,"HIDDEN") -> 8 | M8: =COUNTIFS('04_Mutation_Execution'!$A$4:$A$59,$A8,'04_Mutation_Execution'!$B$4:$B$59,$B8,'04_Mutation_Execution'!$H$4:$H$59,"KILLED",'04_Mutation_Execution'!$I$4:$I$59,"TIMEOUT") -> 1
A9: baseline | B9: sap-xep-tang-dan | C9: =COUNTIFS('04_Mutation_Execution'!$A$4:$A$59,$A9,'04_Mutation_Execution'!$B$4:$B$59,$B9) -> 12 | D9: =COUNTIFS('04_Mutation_Execution'!$A$4:$A$59,$A9,'04_Mutation_Execution'!$B$4:$B$59,$B9,'04_Mutation_Execution'!$H$4:$H$59,"KILLED") -> 10 | E9: =COUNTIFS('04_Mutation_Execution'!$A$4:$A$59,$A9,'04_Mutation_Execution'!$B$4:$B$59,$B9,'04_Mutation_Execution'!$H$4:$H$59,"SURVIVED") -> 1 | F9: =COUNTIFS('04_Mutation_Execution'!$A$4:$A$59,$A9,'04_Mutation_Execution'!$B$4:$B$59,$B9,'04_Mutation_Execution'!$H$4:$H$59,"EQUIVALENT") -> 1 | G9: =COUNTIFS('04_Mutation_Execution'!$A$4:$A$59,$A9,'04_Mutation_Execution'!$B$4:$B$59,$B9,'04_Mutation_Execution'!$H$4:$H$59,"INVALID") -> 0 | H9: =D9+E9 -> 11 | I9: =IF(H9=0,0,D9/H9) -> 0.90909091 | J9: =IF(I9>=$C$4,"PASS","FAIL") -> PASS | K9: =COUNTIFS('04_Mutation_Execution'!$A$4:$A$59,$A9,'04_Mutation_Execution'!$B$4:$B$59,$B9,'04_Mutation_Execution'!$H$4:$H$59,"KILLED",'04_Mutation_Execution'!$I$4:$I$59,"SAMPLE") -> 8 | L9: =COUNTIFS('04_Mutation_Execution'!$A$4:$A$59,$A9,'04_Mutation_Execution'!$B$4:$B$59,$B9,'04_Mutation_Execution'!$H$4:$H$59,"KILLED",'04_Mutation_Execution'!$I$4:$I$59,"HIDDEN") -> 2 | M9: =COUNTIFS('04_Mutation_Execution'!$A$4:$A$59,$A9,'04_Mutation_Execution'!$B$4:$B$59,$B9,'04_Mutation_Execution'!$H$4:$H$59,"KILLED",'04_Mutation_Execution'!$I$4:$I$59,"TIMEOUT") -> 0
A10: hardened | B10: sap-xep-tang-dan | C10: =COUNTIFS('04_Mutation_Execution'!$A$4:$A$59,$A10,'04_Mutation_Execution'!$B$4:$B$59,$B10) -> 12 | D10: =COUNTIFS('04_Mutation_Execution'!$A$4:$A$59,$A10,'04_Mutation_Execution'!$B$4:$B$59,$B10,'04_Mutation_Execution'!$H$4:$H$59,"KILLED") -> 11 | E10: =COUNTIFS('04_Mutation_Execution'!$A$4:$A$59,$A10,'04_Mutation_Execution'!$B$4:$B$59,$B10,'04_Mutation_Execution'!$H$4:$H$59,"SURVIVED") -> 0 | F10: =COUNTIFS('04_Mutation_Execution'!$A$4:$A$59,$A10,'04_Mutation_Execution'!$B$4:$B$59,$B10,'04_Mutation_Execution'!$H$4:$H$59,"EQUIVALENT") -> 1 | G10: =COUNTIFS('04_Mutation_Execution'!$A$4:$A$59,$A10,'04_Mutation_Execution'!$B$4:$B$59,$B10,'04_Mutation_Execution'!$H$4:$H$59,"INVALID") -> 0 | H10: =D10+E10 -> 11 | I10: =IF(H10=0,0,D10/H10) -> 1 | J10: =IF(I10>=$C$4,"PASS","FAIL") -> PASS | K10: =COUNTIFS('04_Mutation_Execution'!$A$4:$A$59,$A10,'04_Mutation_Execution'!$B$4:$B$59,$B10,'04_Mutation_Execution'!$H$4:$H$59,"KILLED",'04_Mutation_Execution'!$I$4:$I$59,"SAMPLE") -> 8 | L10: =COUNTIFS('04_Mutation_Execution'!$A$4:$A$59,$A10,'04_Mutation_Execution'!$B$4:$B$59,$B10,'04_Mutation_Execution'!$H$4:$H$59,"KILLED",'04_Mutation_Execution'!$I$4:$I$59,"HIDDEN") -> 2 | M10: =COUNTIFS('04_Mutation_Execution'!$A$4:$A$59,$A10,'04_Mutation_Execution'!$B$4:$B$59,$B10,'04_Mutation_Execution'!$H$4:$H$59,"KILLED",'04_Mutation_Execution'!$I$4:$I$59,"TIMEOUT") -> 1
A12: Đọc kết quả | B12: Bài số nguyên tố: bộ test GỐC FAIL (dưới 80%), bộ test đã bổ sung PASS. Bài sắp xếp: cả hai PASS, nhưng test gốc vẫn có 1 mutant sống sót (thuật toán chậm).
A14: Mutant SỐNG SÓT trên bộ test GỐC = lỗ hổng độ phủ (mô tả theo nhóm, không nêu giá trị test)
A15: Bài | B15: Mutant | C15: Loại | D15: Lỗ hổng độ phủ (bộ test thiếu gì) | E15: Bị bắt ở bộ hardened?
A16: kiem-tra-so-nguyen-to | B16: MUT-02 | C16: Off-by-one | D16: Không có test nào là bình phương của một số nguyên tố nên cận vòng lặp thiếu 1 đơn vị vẫn AC. | E16: KILLED (HIDDEN)
A17: kiem-tra-so-nguyen-to | B17: MUT-08 | C17: Wrong rounding | D17: Cùng nhóm lỗ hổng với MUT-02: thiếu test là bình phương của số nguyên tố. | E17: KILLED (HIDDEN)
A18: kiem-tra-so-nguyen-to | B18: MUT-10 | C18: Slow algorithm | D18: Không có test n rất lớn nên thuật toán O(n) chậm vẫn AC; đề cũng chưa có constraints để thêm test hiệu năng một cách công bằng. | E18: KILLED (TIMEOUT)
A19: kiem-tra-so-nguyen-to | B19: MUT-15 | C19: Over-simplified heuristic | D19: Không có test nào là số lẻ hợp số nên heuristic 'lẻ = nguyên tố' vẫn AC. | E19: KILLED (HIDDEN)
A20: kiem-tra-so-nguyen-to | B20: MUT-16 | C20: Boundary error | D20: Không có test cho số nguyên tố chẵn duy nhất. | E20: KILLED (HIDDEN)
A21: sap-xep-tang-dan | B21: SRT-10 | C21: Slow algorithm | D21: Không có test N rất lớn nên thuật toán O(n^2) vẫn AC; đề chưa có constraints cho N. | E21: KILLED (TIMEOUT)

Sheet 06_Findings
A1: 06_Findings - Phát hiện thật của Ngày 13
A2: Mức chắc chắn cho biết đã CHẠY hay mới ĐỌC CODE. Cột vàng để người thực tập xác nhận/tái hiện.
A3: ID | B3: Mức | C3: Phát hiện | D3: Bằng chứng | E3: Mức chắc chắn | F3: Đề xuất | G3: Kết quả tái hiện (điền) | H3: Trạng thái
A4: F-D13-01 | B4: Major | C4: Bộ test gốc bài "Kiểm tra số nguyên tố" chỉ bắt 66.7% mutant (10/15) - dưới ngưỡng 80%. 5 mutant sống sót thuộc 4 nhóm lỗ hổng: không có test là bình phương số nguyên tố; không có số lẻ hợp số; không có số nguyên tố chẵn duy nhất; không có n rất lớn. | D4: reports/mutation-prime-baseline/coverage-report.md; kiểm chéo bằng verify-independent.py khớp 100% | E4: Đã chạy + kiểm chéo độc lập | F4: Duyệt bộ test bổ sung problems-hardened/overrides.json (6 hidden test) -> 100% | H4: Đề xuất, chưa áp vào BE
A5: F-D13-02 | B5: Medium | C5: 24/30 bài không nêu ràng buộc số học (CP002); schema Exercise chưa có trường constraints. Không có ràng buộc thì test hiệu năng (MUT-10, SRT-10) không công bằng. | D5: reports/validate-baseline (24 x CP002) | E5: Đã chạy (rule) | F5: Thêm constraints vào đề và schema | H5: Mở
A6: F-D13-03 | B6: Minor | C6: 3 bài quá ít test (CP013): tim-so-lon-nhat (3 test, 1 hidden), dao-nguoc-chuoi (3, 1), day14-bang-cuu-chuong (2, 1). | D6: reports/validate-baseline (3 x CP013) | E6: Đã chạy (rule) | F6: Bổ sung test biên và hidden | H6: Mở
A7: F-D13-04 | B7: High nếu tái hiện | C7: BE lưu stderr (judge-queue.service.ts ~dòng 138) và errorMessage = stderr (~dòng 147) cho cả HIDDEN test, judge.controller.ts trả về cả hai; comment trong controller nói hidden data "never persisted". Traceback có thể chứa nguyên văn dòng input hidden; python-guard không chặn raise/input(). | D7: probe-leak: 2/2 hidden test của 2 bài bị echo dòng input đầu (reports/probe-leak) | E7: Đọc code + mô phỏng. CHƯA chạy trên server thật | F7: Không lưu/trả stderr và errorMessage cho test hidden; tái hiện trên UI trước khi báo mentor | H7: Cần tái hiện
A8: F-D13-05 | B8: Medium | C8: Judge cắt stdout ở 64KB (MAX_OUTPUT_BYTES): bài có output đúng > 64KB không thể AC, bị chấm WA im lặng. Phát hiện khi chính reference bị WA với test 12.000 phần tử. | D8: STOP gate exit 3 (reference WA, 9/10); stdout 65536 ký tự so với expected 82630 | E8: Đã chạy | F8: Tránh output lớn hoặc nâng giới hạn / thêm trạng thái OLE. Rule CP019 bắt ở tầng test data | H8: Đã thêm rule CP019
A9: F-D13-06 | B9: Info | C9: Judge trim() hai đầu nên khoảng trắng/xuống dòng thừa Ở CUỐI không bị bắt (MUT-13, SRT-12 sống sót). Nhãn thừa, dòng debug, sai hoa/thường, sai dấu phân cách đều bị bắt. | D9: judge-queue.service.ts dòng 123; MUT-09/11/12/13, SRT-08/09/12 | E9: Đọc code + đã chạy | F9: Ghi rõ chính sách so sánh trong đề nếu cần "exact output" | H9: Ghi nhận
A10: F-D13-07 | B10: Low | C10: Trạng thái tổng của submission = trạng thái của test fail CUỐI CÙNG (mỗi test fail ghi đè status). Bài vừa WA vừa TLE hiển thị theo test sau cùng. | D10: judge-queue.service.ts dòng 143-148 | E10: Đọc code (tool mô phỏng cùng hành vi) | F10: Xác nhận đây là chủ ý | H10: Cần xác nhận
A11: F-D13-08 | B11: Medium-High nếu tái hiện | C11: hints.hint3 của 20/20 bài Ngày 14 trùng nguyên văn solutionCode; ExerciseService.findBySlug select cả "hints" nên GET /exercises/:slug trả nguyên object, trong khi HintService che nội dung theo unlock + cooldown. | D11: node real-content/check-hint3-equals-solution.js -> 20/20 | E11: Đọc code + đếm. CHƯA gọi API thật | F11: Loại hints khỏi findBySlug (dùng endpoint hint có unlock) | H11: Cần tái hiện
A12: F-D13-09 | B12: Nội bộ tool | C12: Lần chạy đầu của validator báo 14 ERROR trên dữ liệu thật; rà tay từng bài: cả 14 là báo oan của CP008, CP010, CP014. Đã sửa rule và giữ 3 ca thành fixture good FIX-G02/03/04. | D12: AI_WORKLOG.md mục 1; fixtures/good | E12: Đã rà tay + có test | F12: - | H12: Đã sửa

Sheet 01_Rule_Catalog
A1: NGÀY 13 — RULE CATALOG CP001–CP019
A2: CP001–CP010 bám theo yêu cầu Ngày 13; CP011–CP019 là rule bổ sung sau khi đọc dữ liệu thật và code judge của BE.
A4: A. RULE THEO KẾ HOẠCH — CP001–CP010
A5: Mã | B5: Tên trong kế hoạch | C5: Tên mình dùng
A6: CP001 | B6: Missing statement | C6: Thiếu đề bài
A7: CP002 | B7: Missing constraints | C7: Đề không nêu ràng buộc
A8: CP003 | B8: Missing sample input | C8: Không có sample test
A9: CP004 | B9: Missing expected output | C9: Test thiếu input/expectedOutput
A10: CP005 | B10: No reference solution | C10: Không có reference solution
A11: CP006 | B11: Reference solution failed | C11: Reference không đạt AC
A12: CP007 | B12: Invalid timeout | C12: timeLimitMs không hợp lệ
A13: CP008 | B13: Output format mismatch | C13: Định dạng output mâu thuẫn với đề
A14: CP009 | B14: No hidden tests | C14: Không có hidden test
A15: CP010 | B15: Constraint/test inconsistency | C15: Test không nhất quán với đề/constraints
A17: B. RULE BỔ SUNG SAU KHI ĐỌC DỮ LIỆU THẬT / CODE JUDGE — CP011–CP019
A18: Mã | B18: Tên rule bổ sung | C18: Ý nghĩa / tên mình dùng
A19: CP011 | B19: Duplicate test input | C19: Hai test trùng input
A20: CP012 | B20: Hidden duplicates sample | C20: Hidden test trùng input với sample
A21: CP013 | B21: Thin test suite | C21: Bộ test quá mỏng
A22: CP014 | B22: Starter code leaks solution | C22: starterCode đã chứa lời giải
A23: CP015 | B23: Reference violates sandbox guard | C23: Reference vi phạm sandbox guard
A24: CP016 | B24: Hidden data leaked in statement | C24: Dữ liệu hidden lộ trong đề bài
A25: CP017 | B25: Missing / duplicate slug | C25: Thiếu hoặc trùng slug
A26: CP018 | B26: Trailing whitespace in expected output | C26: Khoảng trắng thừa ở expectedOutput
A27: CP019 | B27: Expected output too large | C27: expectedOutput dài hơn 64KB
A29: Ghi chú
A30: Phạm vi | B30: CP001–CP010 là baseline theo kế hoạch Ngày 13.
A31: Bổ sung | B31: CP011–CP019 không có sẵn trong kế hoạch; được thêm để phù hợp dữ liệu thật và hành vi judge của project.
